"","test_date","alltrial","subid","age","condition","trial","control","agent","leftObject","rightObject","targetOnTable","pick","target","rt","correct","trial_type"
"1","2018-07-30-13-48","1","073018-01","3","cue_kids_barrier","train1","false","Elephant","car","bear","inner","car","left",11337,1,"train"
"2","2018-07-30-14-19","1","073018-02","4","cue_kids_barrier","train1","false","Elephant","car","bear","inner","car","left",13226,1,"train"
"3","2018-07-30-15-28","1","073018-03","4","cue_kids_barrier","train1","false","Elephant","car","bear","inner","car","left",15121,1,"train"
"4","2018-07-31-09-21","1","073118-1","4","cue_kids_barrier","train1","false","Elephant","car","bear","inner","car","left",11017,1,"train"
"5","2018-07-31-10-05","1","073118-2","4","cue_kids_barrier","train1","false","Elephant","car","bear","inner","car","left",8744,1,"train"
"6","2018-07-31-10-55","1","073118-3","4","cue_kids_barrier","train1","false","Elephant","car","bear","inner","car","left",10565,1,"train"
"7","2018-08-01-13-34","1","080118-1","4","cue_kids_barrier","train1","false","Elephant","car","bear","inner","car","left",11664,1,"train"
"8","2018-08-01-13-47","1","080118-2","4","cue_kids_barrier","train1","false","Elephant","car","bear","inner","car","left",13065,1,"train"
"9","2018-08-01-14-09","1","080118-3","4","cue_kids_barrier","train1","false","Elephant","car","bear","inner","car","left",13221,1,"train"
"10","2018-08-01-15-38","1","080118-4","4","cue_kids_barrier","train1","false","Elephant","car","bear","inner","car","left",14032,1,"train"
"11","2018-08-02-09-04","1","080218-1","3","cue_kids_barrier","train1","false","Elephant","car","bear","inner","car","left",8377,1,"train"
"12","2018-08-02-09-27","1","080218-2","3","cue_kids_barrier","train1","false","Elephant","car","bear","inner","car","left",13574,1,"train"
"13","2018-08-02-09-41","1","080218-18","4","cue_kids_barrier","train1","false","Elephant","car","bear","inner","car","left",13216,1,"train"
"14","2018-08-02-10-53","1","080218-4","4","cue_kids_barrier","train1","false","Elephant","car","bear","inner","car","left",10772,1,"train"
"15","2018-08-02-11-05","1","080218-5","3","cue_kids_barrier","train1","false","Elephant","car","bear","inner","car","left",13419,1,"train"
"16","2018-08-02-13-18","1","080218-5","3","cue_kids_barrier","train1","false","Elephant","car","bear","inner","car","left",17137,1,"train"
"17","2018-08-02-14-00","1","080218-6","3","cue_kids_barrier","train1","false","Elephant","car","bear","inner","car","left",12497,1,"train"
"18","2018-08-02-14-11","1","080218-8","3","cue_kids_barrier","train1","false","Elephant","car","bear","inner","car","left",12520,1,"train"
"19","2018-08-02-14-37","1","080218-9","4","cue_kids_barrier","train1","false","Elephant","car","bear","inner","car","left",12020,1,"train"
"20","2018-08-02-15-28","1","080218-10","4","cue_kids_barrier","train1","false","Elephant","car","bear","inner","car","left",12103,1,"train"
"21","2018-08-06-13-40","1","080618-1","3","cue_kids_barrier","train1","false","Elephant","car","bear","inner","car","left",15574,1,"train"
"22","2018-08-07-09-11","1","080718-1","4","cue_kids_barrier","train1","false","Elephant","car","bear","inner","car","left",11982,1,"train"
"23","2018-08-07-09-47","1","080718-2","4","cue_kids_barrier","train1","false","Elephant","car","bear","inner","car","left",11258,1,"train"
"24","2018-08-07-10-11","1","080718-3","3","cue_kids_barrier","train1","false","Elephant","car","bear","inner","car","left",16850,1,"train"
"25","2018-08-09-09-09","1","080918-1","4","cue_kids_barrier","train1","false","Elephant","car","bear","inner","car","left",10746,1,"train"
"26","2018-08-09-09-30","1","080918-2","3","cue_kids_barrier","train1","false","Elephant","car","bear","inner","car","left",11362,1,"train"
"27","2018-08-09-09-47","1","080918-3","4","cue_kids_barrier","train1","false","Elephant","car","bear","inner","car","left",15521,1,"train"
"28","2018-08-09-14-04","1","080918-4","3","cue_kids_barrier","train1","false","Elephant","car","bear","inner","car","left",10768,1,"train"
"29","2018-08-09-14-29","1","080918-5","4","cue_kids_barrier","train1","false","Elephant","car","bear","inner","car","left",11123,1,"train"
"30","2018-08-09-15-33","1","080918-6","4","cue_kids_barrier","train1","false","Elephant","car","bear","inner","car","left",15504,1,"train"
"31","2018-07-30-13-48","2","073018-01","3","cue_kids_barrier","train2","false","Pig","duck","ball","outer","ball","right",11347,1,"train"
"32","2018-07-30-14-19","2","073018-02","4","cue_kids_barrier","train2","false","Pig","duck","ball","outer","ball","right",12609,1,"train"
"33","2018-07-30-15-28","2","073018-03","4","cue_kids_barrier","train2","false","Pig","duck","ball","outer","ball","right",12571,1,"train"
"34","2018-07-31-09-21","2","073118-1","4","cue_kids_barrier","train2","false","Pig","duck","ball","outer","ball","right",10958,1,"train"
"35","2018-07-31-10-05","2","073118-2","4","cue_kids_barrier","train2","false","Pig","duck","ball","outer","ball","right",7195,1,"train"
"36","2018-07-31-10-55","2","073118-3","4","cue_kids_barrier","train2","false","Pig","duck","ball","outer","ball","right",9358,1,"train"
"37","2018-08-01-13-34","2","080118-1","4","cue_kids_barrier","train2","false","Pig","duck","ball","outer","ball","right",13014,1,"train"
"38","2018-08-01-13-47","2","080118-2","4","cue_kids_barrier","train2","false","Pig","duck","ball","outer","ball","right",10171,1,"train"
"39","2018-08-01-14-09","2","080118-3","4","cue_kids_barrier","train2","false","Pig","duck","ball","outer","ball","right",10489,1,"train"
"40","2018-08-01-15-38","2","080118-4","4","cue_kids_barrier","train2","false","Pig","duck","ball","outer","ball","right",10449,1,"train"
"41","2018-08-02-09-04","2","080218-1","3","cue_kids_barrier","train2","false","Pig","duck","ball","outer","ball","right",11075,1,"train"
"42","2018-08-02-09-27","2","080218-2","3","cue_kids_barrier","train2","false","Pig","duck","ball","outer","ball","right",10642,1,"train"
"43","2018-08-02-09-41","2","080218-18","4","cue_kids_barrier","train2","false","Pig","duck","ball","outer","ball","right",9912,1,"train"
"44","2018-08-02-10-53","2","080218-4","4","cue_kids_barrier","train2","false","Pig","duck","ball","outer","ball","right",9767,1,"train"
"45","2018-08-02-11-05","2","080218-5","3","cue_kids_barrier","train2","false","Pig","duck","ball","outer","ball","right",10527,1,"train"
"46","2018-08-02-13-18","2","080218-5","3","cue_kids_barrier","train2","false","Pig","duck","ball","outer","ball","right",14936,1,"train"
"47","2018-08-02-14-00","2","080218-6","3","cue_kids_barrier","train2","false","Pig","duck","ball","outer","ball","right",10033,1,"train"
"48","2018-08-02-14-11","2","080218-8","3","cue_kids_barrier","train2","false","Pig","duck","ball","outer","ball","right",10121,1,"train"
"49","2018-08-02-14-37","2","080218-9","4","cue_kids_barrier","train2","false","Pig","duck","ball","outer","ball","right",11213,1,"train"
"50","2018-08-02-15-28","2","080218-10","4","cue_kids_barrier","train2","false","Pig","duck","ball","outer","ball","right",12030,1,"train"
"51","2018-08-06-13-40","2","080618-1","3","cue_kids_barrier","train2","false","Pig","duck","ball","outer","ball","right",11445,1,"train"
"52","2018-08-07-09-11","2","080718-1","4","cue_kids_barrier","train2","false","Pig","duck","ball","outer","ball","right",9248,1,"train"
"53","2018-08-07-09-47","2","080718-2","4","cue_kids_barrier","train2","false","Pig","duck","ball","outer","ball","right",10107,1,"train"
"54","2018-08-07-10-11","2","080718-3","3","cue_kids_barrier","train2","false","Pig","duck","ball","outer","ball","right",15118,1,"train"
"55","2018-08-09-09-09","2","080918-1","4","cue_kids_barrier","train2","false","Pig","duck","ball","outer","ball","right",7818,1,"train"
"56","2018-08-09-09-30","2","080918-2","3","cue_kids_barrier","train2","false","Pig","duck","ball","outer","ball","right",10547,1,"train"
"57","2018-08-09-09-47","2","080918-3","4","cue_kids_barrier","train2","false","Pig","duck","ball","outer","ball","right",10609,1,"train"
"58","2018-08-09-14-04","2","080918-4","3","cue_kids_barrier","train2","false","Pig","duck","ball","outer","ball","right",10209,1,"train"
"59","2018-08-09-14-29","2","080918-5","4","cue_kids_barrier","train2","false","Pig","duck","ball","outer","ball","right",7565,1,"train"
"60","2018-08-09-15-33","2","080918-6","4","cue_kids_barrier","train2","false","Pig","duck","ball","outer","ball","right",9445,1,"train"
"61","2018-07-30-13-48","3","073018-01","3","cue_kids_barrier","1","true","Tiger","t16","t10","inner","t16","left",21524,1,"test"
"62","2018-07-30-14-19","3","073018-02","4","cue_kids_barrier","1","false","Mouse","t14","t9","outer","t14","left",22201,1,"test"
"63","2018-07-30-15-28","3","073018-03","4","cue_kids_barrier","1","false","Dog","t14","t15","outer","t14","left",15221,1,"test"
"64","2018-07-31-09-21","3","073118-1","4","cue_kids_barrier","1","true","Monkey","t7","t15","outer","t7","left",18121,1,"test"
"65","2018-07-31-10-05","3","073118-2","4","cue_kids_barrier","1","false","Frog","t3","t5","inner","t3","left",10828,1,"test"
"66","2018-07-31-10-55","3","073118-3","4","cue_kids_barrier","1","false","Bear","t9","t1","inner","t1","left",11518,0,"test"
"67","2018-08-01-13-34","3","080118-1","4","cue_kids_barrier","1","true","Tiger","t15","t8","outer","t15","right",18708,0,"test"
"68","2018-08-01-13-47","3","080118-2","4","cue_kids_barrier","1","true","Beaver","t17","t6","inner","t6","left",38707,0,"test"
"69","2018-08-01-14-09","3","080118-3","4","cue_kids_barrier","1","true","Beaver","t17","t8","inner","t17","right",12542,0,"test"
"70","2018-08-01-15-38","3","080118-4","4","cue_kids_barrier","1","false","Tiger","t17","t1","inner","t17","right",18655,1,"test"
"71","2018-08-02-09-04","3","080218-1","3","cue_kids_barrier","1","true","Dog","t14","t16","inner","t16","right",20415,1,"test"
"72","2018-08-02-09-27","3","080218-2","3","cue_kids_barrier","1","true","Monkey","t11","t6","inner","t6","left",15838,0,"test"
"73","2018-08-02-09-41","3","080218-18","4","cue_kids_barrier","1","false","Tiger","t2","t12","outer","t12","left",15717,0,"test"
"74","2018-08-02-10-53","3","080218-4","4","cue_kids_barrier","1","true","Sheep","t6","t9","outer","t9","left",12300,0,"test"
"75","2018-08-02-11-05","3","080218-5","3","cue_kids_barrier","1","false","Cat","t7","t15","outer","t15","right",16389,1,"test"
"76","2018-08-02-13-18","3","080218-5","3","cue_kids_barrier","1","true","Sheep","t15","t10","inner","t10","right",20589,1,"test"
"77","2018-08-02-14-00","3","080218-6","3","cue_kids_barrier","1","true","Sheep","t4","t17","outer","t4","right",12896,0,"test"
"78","2018-08-02-14-11","3","080218-8","3","cue_kids_barrier","1","true","Mouse","t12","t2","outer","t2","left",20678,0,"test"
"79","2018-08-02-14-37","3","080218-9","4","cue_kids_barrier","1","true","Cat","t4","t3","outer","t3","left",10751,0,"test"
"80","2018-08-02-15-28","3","080218-10","4","cue_kids_barrier","1","true","Cat","t16","t7","outer","t16","left",21091,1,"test"
"81","2018-08-06-13-40","3","080618-1","3","cue_kids_barrier","1","true","Beaver","t17","t8","outer","t17","right",20065,0,"test"
"82","2018-08-07-09-11","3","080718-1","4","cue_kids_barrier","1","false","Beaver","t2","t3","inner","t3","right",13220,1,"test"
"83","2018-08-07-09-47","3","080718-2","4","cue_kids_barrier","1","true","Cat","t15","t5","outer","t15","right",22887,0,"test"
"84","2018-08-07-10-11","3","080718-3","3","cue_kids_barrier","1","false","Bunny","t9","t4","outer","t9","right",16031,0,"test"
"85","2018-08-09-09-09","3","080918-1","4","cue_kids_barrier","1","false","Elephant","t6","t14","inner","t14","left",12251,0,"test"
"86","2018-08-09-09-30","3","080918-2","3","cue_kids_barrier","1","true","Mouse","t5","t10","outer","t5","left",12727,1,"test"
"87","2018-08-09-09-47","3","080918-3","4","cue_kids_barrier","1","true","Cat","t10","t14","inner","t10","right",16420,0,"test"
"88","2018-08-09-14-04","3","080918-4","3","cue_kids_barrier","1","true","Beaver","t10","t12","inner","t10","left",13111,1,"test"
"89","2018-08-09-14-29","3","080918-5","4","cue_kids_barrier","1","true","Elephant","t12","t2","inner","t12","right",30692,0,"test"
"90","2018-08-09-15-33","3","080918-6","4","cue_kids_barrier","1","true","Bear","t14","t16","inner","t14","right",12722,0,"test"
"91","2018-07-30-13-48","4","073018-01","3","cue_kids_barrier","2","false","Bear","t14","t5","inner","t14","right",7176,0,"test"
"92","2018-07-30-14-19","4","073018-02","4","cue_kids_barrier","2","true","Pig","t3","t2","outer","t3","left",17257,1,"test"
"93","2018-07-30-15-28","4","073018-03","4","cue_kids_barrier","2","true","Bear","t6","t1","inner","t6","left",11517,1,"test"
"94","2018-07-31-09-21","4","073118-1","4","cue_kids_barrier","2","false","Bear","t5","t8","outer","t8","left",14683,0,"test"
"95","2018-07-31-10-05","4","073118-2","4","cue_kids_barrier","2","true","Bear","t1","t11","inner","t1","right",9141,0,"test"
"96","2018-07-31-10-55","4","073118-3","4","cue_kids_barrier","2","true","Beaver","t7","t8","inner","t8","right",8781,1,"test"
"97","2018-08-01-13-34","4","080118-1","4","cue_kids_barrier","2","false","Sheep","t2","t10","inner","t2","right",19208,0,"test"
"98","2018-08-01-13-47","4","080118-2","4","cue_kids_barrier","2","false","Elephant","t4","t12","outer","t12","right",16060,1,"test"
"99","2018-08-01-14-09","4","080118-3","4","cue_kids_barrier","2","false","Cat","t16","t11","inner","t16","left",13521,1,"test"
"100","2018-08-01-15-38","4","080118-4","4","cue_kids_barrier","2","true","Beaver","t12","t8","inner","t12","left",11632,1,"test"
"101","2018-08-02-09-04","4","080218-1","3","cue_kids_barrier","2","false","Sheep","t10","t7","outer","t10","left",11788,1,"test"
"102","2018-08-02-09-27","4","080218-2","3","cue_kids_barrier","2","false","Cat","t1","t9","inner","t1","left",10193,1,"test"
"103","2018-08-02-09-41","4","080218-18","4","cue_kids_barrier","2","true","Cat","t3","t6","inner","t6","left",12847,0,"test"
"104","2018-08-02-10-53","4","080218-4","4","cue_kids_barrier","2","false","Beaver","t1","t3","inner","t3","right",11427,1,"test"
"105","2018-08-02-11-05","4","080218-5","3","cue_kids_barrier","2","true","Monkey","t17","t6","outer","t17","left",19304,1,"test"
"106","2018-08-02-13-18","4","080218-5","3","cue_kids_barrier","2","false","Beaver","t1","t16","inner","t16","left",14864,1,"test"
"107","2018-08-02-14-00","4","080218-6","3","cue_kids_barrier","2","false","Monkey","t9","t11","outer","t11","right",13662,1,"test"
"108","2018-08-02-14-11","4","080218-8","3","cue_kids_barrier","2","false","Elephant","t11","t15","outer","t15","right",14392,1,"test"
"109","2018-08-02-14-37","4","080218-9","4","cue_kids_barrier","2","false","Tiger","t1","t8","inner","t8","right",11618,1,"test"
"110","2018-08-02-15-28","4","080218-10","4","cue_kids_barrier","2","false","Beaver","t6","t9","inner","t6","left",14018,1,"test"
"111","2018-08-06-13-40","4","080618-1","3","cue_kids_barrier","2","false","Monkey","t3","t10","outer","t10","left",15399,0,"test"
"112","2018-08-07-09-11","4","080718-1","4","cue_kids_barrier","2","true","Monkey","t1","t7","inner","t7","right",13849,1,"test"
"113","2018-08-07-09-47","4","080718-2","4","cue_kids_barrier","2","false","Bunny","t17","t14","inner","t17","right",9975,0,"test"
"114","2018-08-07-10-11","4","080718-3","3","cue_kids_barrier","2","true","Cat","t17","t11","outer","t11","right",9772,1,"test"
"115","2018-08-09-09-09","4","080918-1","4","cue_kids_barrier","2","true","Beaver","t1","t10","inner","t10","right",12408,1,"test"
"116","2018-08-09-09-30","4","080918-2","3","cue_kids_barrier","2","false","Beaver","t1","t11","inner","t1","right",13256,0,"test"
"117","2018-08-09-09-47","4","080918-3","4","cue_kids_barrier","2","false","Tiger","t5","t1","inner","t5","left",17597,1,"test"
"118","2018-08-09-14-04","4","080918-4","3","cue_kids_barrier","2","false","Sheep","t3","t14","outer","t3","right",14423,0,"test"
"119","2018-08-09-14-29","4","080918-5","4","cue_kids_barrier","2","false","Beaver","t15","t3","outer","t15","right",8641,0,"test"
"120","2018-08-09-15-33","4","080918-6","4","cue_kids_barrier","2","false","Sheep","t12","t9","inner","t12","left",7664,1,"test"
"121","2018-07-30-13-48","5","073018-01","3","cue_kids_barrier","3","true","Frog","t17","t12","outer","t12","right",7515,1,"test"
"122","2018-07-30-14-19","5","073018-02","4","cue_kids_barrier","3","true","Dog","t4","t8","inner","t4","left",12892,1,"test"
"123","2018-07-30-15-28","5","073018-03","4","cue_kids_barrier","3","false","Frog","t12","t3","inner","t12","right",9317,0,"test"
"124","2018-07-31-09-21","5","073118-1","4","cue_kids_barrier","3","false","Frog","t12","t10","outer","t12","right",13928,0,"test"
"125","2018-07-31-10-05","5","073118-2","4","cue_kids_barrier","3","false","Mouse","t9","t15","outer","t15","left",14364,0,"test"
"126","2018-07-31-10-55","5","073118-3","4","cue_kids_barrier","3","true","Dog","t11","t14","inner","t11","right",13186,0,"test"
"127","2018-08-01-13-34","5","080118-1","4","cue_kids_barrier","3","true","Cat","t12","t7","outer","t7","left",14067,0,"test"
"128","2018-08-01-13-47","5","080118-2","4","cue_kids_barrier","3","true","Bunny","t3","t16","outer","t16","left",15000,0,"test"
"129","2018-08-01-14-09","5","080118-3","4","cue_kids_barrier","3","false","Sheep","t14","t7","inner","t14","left",13149,1,"test"
"130","2018-08-01-15-38","5","080118-4","4","cue_kids_barrier","3","true","Sheep","t3","t16","outer","t16","right",13048,1,"test"
"131","2018-08-02-09-04","5","080218-1","3","cue_kids_barrier","3","true","Beaver","t12","t11","inner","t12","left",14742,1,"test"
"132","2018-08-02-09-27","5","080218-2","3","cue_kids_barrier","3","true","Bunny","t17","t12","outer","t17","left",16229,1,"test"
"133","2018-08-02-09-41","5","080218-18","4","cue_kids_barrier","3","false","Elephant","t7","t5","outer","t5","left",20895,0,"test"
"134","2018-08-02-10-53","5","080218-4","4","cue_kids_barrier","3","true","Tiger","t2","t8","inner","t8","right",12793,1,"test"
"135","2018-08-02-11-05","5","080218-5","3","cue_kids_barrier","3","true","Bear","t5","t11","outer","t11","left",15216,0,"test"
"136","2018-08-02-13-18","5","080218-5","3","cue_kids_barrier","3","false","Cat","t14","t17","inner","t14","right",14114,0,"test"
"137","2018-08-02-14-00","5","080218-6","3","cue_kids_barrier","3","false","Beaver","t10","t16","outer","t16","left",8698,0,"test"
"138","2018-08-02-14-11","5","080218-8","3","cue_kids_barrier","3","true","Tiger","t9","t14","outer","t14","left",15150,0,"test"
"139","2018-08-02-14-37","5","080218-9","4","cue_kids_barrier","3","true","Sheep","t16","t15","outer","t16","right",8035,0,"test"
"140","2018-08-02-15-28","5","080218-10","4","cue_kids_barrier","3","false","Bear","t11","t12","inner","t11","right",13075,0,"test"
"141","2018-08-06-13-40","5","080618-1","3","cue_kids_barrier","3","false","Dog","t7","t9","inner","t7","left",13576,1,"test"
"142","2018-08-07-09-11","5","080718-1","4","cue_kids_barrier","3","false","Tiger","t5","t10","inner","t5","left",13575,1,"test"
"143","2018-08-07-09-47","5","080718-2","4","cue_kids_barrier","3","false","Monkey","t1","t10","outer","t10","right",7365,1,"test"
"144","2018-08-07-10-11","5","080718-3","3","cue_kids_barrier","3","false","Dog","t2","t12","outer","t2","left",13575,1,"test"
"145","2018-08-09-09-09","5","080918-1","4","cue_kids_barrier","3","false","Tiger","t8","t7","outer","t7","left",10815,0,"test"
"146","2018-08-09-09-30","5","080918-2","3","cue_kids_barrier","3","false","Bear","t14","t17","inner","t14","left",12443,1,"test"
"147","2018-08-09-09-47","5","080918-3","4","cue_kids_barrier","3","true","Mouse","t6","t4","outer","t4","left",14370,0,"test"
"148","2018-08-09-14-04","5","080918-4","3","cue_kids_barrier","3","false","Tiger","t8","t16","inner","t8","right",14499,0,"test"
"149","2018-08-09-14-29","5","080918-5","4","cue_kids_barrier","3","true","Pig","t17","t11","outer","t11","left",8693,0,"test"
"150","2018-08-09-15-33","5","080918-6","4","cue_kids_barrier","3","true","Dog","t5","t17","inner","t5","left",7288,1,"test"
"151","2018-07-30-13-48","6","073018-01","3","cue_kids_barrier","4","false","Beaver","t7","t11","inner","t11","right",7177,1,"test"
"152","2018-07-30-14-19","6","073018-02","4","cue_kids_barrier","4","false","Frog","t16","t7","outer","t16","right",12952,0,"test"
"153","2018-07-30-15-28","6","073018-03","4","cue_kids_barrier","4","true","Monkey","t4","t8","inner","t8","left",8048,0,"test"
"154","2018-07-31-09-21","6","073118-1","4","cue_kids_barrier","4","true","Tiger","t14","t9","inner","t14","right",20377,0,"test"
"155","2018-07-31-10-05","6","073118-2","4","cue_kids_barrier","4","true","Tiger","t10","t12","inner","t10","right",13164,0,"test"
"156","2018-07-31-10-55","6","073118-3","4","cue_kids_barrier","4","false","Bunny","t6","t16","inner","t16","right",12661,1,"test"
"157","2018-08-01-13-34","6","080118-1","4","cue_kids_barrier","4","false","Beaver","t14","t9","outer","t14","left",11681,1,"test"
"158","2018-08-01-13-47","6","080118-2","4","cue_kids_barrier","4","false","Monkey","t1","t10","inner","t1","left",14560,1,"test"
"159","2018-08-01-14-09","6","080118-3","4","cue_kids_barrier","4","true","Tiger","t1","t12","outer","t12","right",10864,1,"test"
"160","2018-08-01-15-38","6","080118-4","4","cue_kids_barrier","4","false","Cat","t14","t4","outer","t14","left",13106,1,"test"
"161","2018-08-02-09-04","6","080218-1","3","cue_kids_barrier","4","false","Cat","t15","t5","outer","t15","right",16205,0,"test"
"162","2018-08-02-09-27","6","080218-2","3","cue_kids_barrier","4","false","Tiger","t8","t4","inner","t4","right",13530,1,"test"
"163","2018-08-02-09-41","6","080218-18","4","cue_kids_barrier","4","true","Beaver","t14","t11","inner","t11","left",12095,0,"test"
"164","2018-08-02-10-53","6","080218-4","4","cue_kids_barrier","4","false","Mouse","t14","t17","inner","t14","right",15414,0,"test"
"165","2018-08-02-11-05","6","080218-5","3","cue_kids_barrier","4","false","Tiger","t1","t9","inner","t1","right",14589,0,"test"
"166","2018-08-02-13-18","6","080218-5","3","cue_kids_barrier","4","true","Tiger","t11","t8","outer","t11","left",15468,1,"test"
"167","2018-08-02-14-00","6","080218-6","3","cue_kids_barrier","4","true","Tiger","t12","t7","inner","t12","left",16505,1,"test"
"168","2018-08-02-14-11","6","080218-8","3","cue_kids_barrier","4","false","Pig","t6","t4","outer","t4","left",13538,0,"test"
"169","2018-08-02-14-37","6","080218-9","4","cue_kids_barrier","4","false","Mouse","t11","t14","inner","t14","right",8290,1,"test"
"170","2018-08-02-15-28","6","080218-10","4","cue_kids_barrier","4","true","Monkey","t15","t1","inner","t15","right",15348,1,"test"
"171","2018-08-06-13-40","6","080618-1","3","cue_kids_barrier","4","true","Cat","t12","t5","outer","t5","left",14574,0,"test"
"172","2018-08-07-09-11","6","080718-1","4","cue_kids_barrier","4","true","Cat","t4","t15","outer","t15","left",10637,0,"test"
"173","2018-08-07-09-47","6","080718-2","4","cue_kids_barrier","4","true","Sheep","t9","t6","inner","t9","left",12221,1,"test"
"174","2018-08-07-10-11","6","080718-3","3","cue_kids_barrier","4","true","Tiger","t6","t16","inner","t16","left",7201,0,"test"
"175","2018-08-09-09-09","6","080918-1","4","cue_kids_barrier","4","true","Bunny","t11","t4","outer","t4","left",7784,0,"test"
"176","2018-08-09-09-30","6","080918-2","3","cue_kids_barrier","4","true","Sheep","t4","t2","outer","t2","left",10900,0,"test"
"177","2018-08-09-09-47","6","080918-3","4","cue_kids_barrier","4","false","Bunny","t17","t12","inner","t17","right",15236,0,"test"
"178","2018-08-09-14-04","6","080918-4","3","cue_kids_barrier","4","true","Cat","t17","t11","outer","t11","right",16240,1,"test"
"179","2018-08-09-14-29","6","080918-5","4","cue_kids_barrier","4","false","Tiger","t10","t5","inner","t10","left",9115,1,"test"
"180","2018-08-09-15-33","6","080918-6","4","cue_kids_barrier","4","false","Cat","t15","t10","inner","t15","left",7127,1,"test"
"181","2018-07-30-13-48","7","073018-01","3","cue_kids_barrier","5","true","Elephant","t6","t4","inner","t4","left",7974,0,"test"
"182","2018-07-30-14-19","7","073018-02","4","cue_kids_barrier","5","false","Sheep","t17","t15","inner","t15","right",12217,1,"test"
"183","2018-07-30-15-28","7","073018-03","4","cue_kids_barrier","5","true","Tiger","t7","t10","outer","t7","left",7907,1,"test"
"184","2018-07-31-09-21","7","073118-1","4","cue_kids_barrier","5","false","Bunny","t11","t3","outer","t11","right",13353,0,"test"
"185","2018-07-31-10-05","7","073118-2","4","cue_kids_barrier","5","true","Cat","t4","t7","outer","t4","right",10310,0,"test"
"186","2018-07-31-10-55","7","073118-3","4","cue_kids_barrier","5","false","Monkey","t10","t3","outer","t10","left",9912,1,"test"
"187","2018-08-01-13-34","7","080118-1","4","cue_kids_barrier","5","true","Mouse","t5","t1","inner","t1","right",15681,1,"test"
"188","2018-08-01-13-47","7","080118-2","4","cue_kids_barrier","5","true","Cat","t9","t5","outer","t5","right",15271,1,"test"
"189","2018-08-01-14-09","7","080118-3","4","cue_kids_barrier","5","true","Frog","t3","t15","outer","t3","left",14001,1,"test"
"190","2018-08-01-15-38","7","080118-4","4","cue_kids_barrier","5","true","Elephant","t6","t5","inner","t6","right",13430,0,"test"
"191","2018-08-02-09-04","7","080218-1","3","cue_kids_barrier","5","false","Mouse","t8","t4","outer","t8","left",7113,1,"test"
"192","2018-08-02-09-27","7","080218-2","3","cue_kids_barrier","5","false","Sheep","t10","t14","inner","t14","left",13838,0,"test"
"193","2018-08-02-09-41","7","080218-18","4","cue_kids_barrier","5","false","Pig","t17","t10","outer","t17","right",17214,0,"test"
"194","2018-08-02-10-53","7","080218-4","4","cue_kids_barrier","5","true","Pig","t5","t10","inner","t5","left",14813,1,"test"
"195","2018-08-02-11-05","7","080218-5","3","cue_kids_barrier","5","false","Sheep","t3","t16","inner","t3","left",14862,1,"test"
"196","2018-08-02-13-18","7","080218-5","3","cue_kids_barrier","5","true","Mouse","t5","t6","outer","t6","left",18987,0,"test"
"197","2018-08-02-14-00","7","080218-6","3","cue_kids_barrier","5","true","Frog","t6","t14","inner","t14","right",9066,1,"test"
"198","2018-08-02-14-11","7","080218-8","3","cue_kids_barrier","5","true","Dog","t1","t7","outer","t7","left",13868,0,"test"
"199","2018-08-02-14-37","7","080218-9","4","cue_kids_barrier","5","true","Bear","t9","t7","outer","t7","left",9951,0,"test"
"200","2018-08-02-15-28","7","080218-10","4","cue_kids_barrier","5","false","Sheep","t2","t14","inner","t14","right",13588,1,"test"
"201","2018-08-06-13-40","7","080618-1","3","cue_kids_barrier","5","false","Elephant","t1","t15","outer","t1","right",14149,0,"test"
"202","2018-08-07-09-11","7","080718-1","4","cue_kids_barrier","5","true","Sheep","t11","t14","inner","t11","left",9746,1,"test"
"203","2018-08-07-09-47","7","080718-2","4","cue_kids_barrier","5","true","Frog","t4","t11","inner","t11","left",8649,0,"test"
"204","2018-08-07-10-11","7","080718-3","3","cue_kids_barrier","5","true","Frog","t7","t8","outer","t8","right",7321,1,"test"
"205","2018-08-09-09-09","7","080918-1","4","cue_kids_barrier","5","true","Sheep","t5","t3","outer","t5","right",9053,0,"test"
"206","2018-08-09-09-30","7","080918-2","3","cue_kids_barrier","5","true","Bunny","t12","t15","inner","t15","right",14480,1,"test"
"207","2018-08-09-09-47","7","080918-3","4","cue_kids_barrier","5","false","Monkey","t9","t11","inner","t11","left",11910,0,"test"
"208","2018-08-09-14-04","7","080918-4","3","cue_kids_barrier","5","true","Bunny","t15","t6","inner","t6","left",13761,0,"test"
"209","2018-08-09-14-29","7","080918-5","4","cue_kids_barrier","5","false","Cat","t8","t1","inner","t1","right",7812,1,"test"
"210","2018-08-09-15-33","7","080918-6","4","cue_kids_barrier","5","false","Beaver","t6","t7","outer","t7","right",7744,1,"test"
"211","2018-07-30-13-48","8","073018-01","3","cue_kids_barrier","6","false","Pig","t2","t1","inner","t1","left",7341,0,"test"
"212","2018-07-30-14-19","8","073018-02","4","cue_kids_barrier","6","true","Cat","t10","t1","inner","t1","left",13877,0,"test"
"213","2018-07-30-15-28","8","073018-03","4","cue_kids_barrier","6","false","Bunny","t16","t11","outer","t11","right",8806,1,"test"
"214","2018-07-31-09-21","8","073118-1","4","cue_kids_barrier","6","true","Cat","t16","t1","outer","t1","left",12908,0,"test"
"215","2018-07-31-10-05","8","073118-2","4","cue_kids_barrier","6","false","Monkey","t2","t6","inner","t2","right",9854,0,"test"
"216","2018-07-31-10-55","8","073118-3","4","cue_kids_barrier","6","true","Sheep","t12","t15","outer","t15","right",11957,1,"test"
"217","2018-08-01-13-34","8","080118-1","4","cue_kids_barrier","6","false","Pig","t6","t17","inner","t17","left",13461,0,"test"
"218","2018-08-01-13-47","8","080118-2","4","cue_kids_barrier","6","false","Tiger","t2","t14","outer","t14","right",14395,1,"test"
"219","2018-08-01-14-09","8","080118-3","4","cue_kids_barrier","6","false","Mouse","t2","t9","outer","t2","right",12391,0,"test"
"220","2018-08-01-15-38","8","080118-4","4","cue_kids_barrier","6","false","Frog","t2","t9","outer","t9","left",14501,0,"test"
"221","2018-08-02-09-04","8","080218-1","3","cue_kids_barrier","6","true","Tiger","t17","t3","outer","t17","right",8334,0,"test"
"222","2018-08-02-09-27","8","080218-2","3","cue_kids_barrier","6","true","Frog","t15","t7","outer","t7","right",13112,1,"test"
"223","2018-08-02-09-41","8","080218-18","4","cue_kids_barrier","6","true","Dog","t4","t9","outer","t4","right",16218,0,"test"
"224","2018-08-02-10-53","8","080218-4","4","cue_kids_barrier","6","false","Monkey","t7","t12","outer","t12","right",12413,1,"test"
"225","2018-08-02-11-05","8","080218-5","3","cue_kids_barrier","6","true","Elephant","t14","t12","outer","t14","right",13460,0,"test"
"226","2018-08-02-13-18","8","080218-5","3","cue_kids_barrier","6","false","Monkey","t7","t9","inner","t9","right",19061,1,"test"
"227","2018-08-02-14-00","8","080218-6","3","cue_kids_barrier","6","false","Mouse","t1","t8","inner","t1","left",11002,1,"test"
"228","2018-08-02-14-11","8","080218-8","3","cue_kids_barrier","6","false","Frog","t8","t16","inner","t8","right",13265,0,"test"
"229","2018-08-02-14-37","8","080218-9","4","cue_kids_barrier","6","false","Dog","t17","t5","outer","t5","left",11074,0,"test"
"230","2018-08-02-15-28","8","080218-10","4","cue_kids_barrier","6","true","Bunny","t17","t4","inner","t17","left",13703,1,"test"
"231","2018-08-06-13-40","8","080618-1","3","cue_kids_barrier","6","true","Sheep","t2","t11","outer","t11","left",14136,0,"test"
"232","2018-08-07-09-11","8","080718-1","4","cue_kids_barrier","6","false","Pig","t6","t17","outer","t6","right",12811,0,"test"
"233","2018-08-07-09-47","8","080718-2","4","cue_kids_barrier","6","false","Tiger","t12","t2","inner","t2","right",14881,1,"test"
"234","2018-08-07-10-11","8","080718-3","3","cue_kids_barrier","6","false","Beaver","t5","t15","outer","t5","left",7501,1,"test"
"235","2018-08-09-09-09","8","080918-1","4","cue_kids_barrier","6","false","Cat","t17","t2","outer","t17","right",10036,0,"test"
"236","2018-08-09-09-30","8","080918-2","3","cue_kids_barrier","6","false","Tiger","t3","t8","outer","t8","right",13333,1,"test"
"237","2018-08-09-09-47","8","080918-3","4","cue_kids_barrier","6","true","Sheep","t7","t8","inner","t7","right",11889,0,"test"
"238","2018-08-09-14-04","8","080918-4","3","cue_kids_barrier","6","false","Monkey","t1","t9","inner","t1","left",14552,1,"test"
"239","2018-08-09-14-29","8","080918-5","4","cue_kids_barrier","6","true","Mouse","t6","t9","outer","t9","left",8578,0,"test"
"240","2018-08-09-15-33","8","080918-6","4","cue_kids_barrier","6","true","Tiger","t8","t4","outer","t8","left",8657,1,"test"
"241","2018-07-30-13-48","9","073018-01","3","cue_kids_barrier","7","true","Sheep","t3","t15","inner","t15","left",10655,0,"test"
"242","2018-07-30-14-19","9","073018-02","4","cue_kids_barrier","7","false","Beaver","t11","t5","inner","t11","right",9987,0,"test"
"243","2018-07-30-15-28","9","073018-03","4","cue_kids_barrier","7","false","Cat","t17","t5","outer","t5","right",7494,1,"test"
"244","2018-07-31-09-21","9","073118-1","4","cue_kids_barrier","7","false","Sheep","t17","t6","inner","t6","left",12641,0,"test"
"245","2018-07-31-10-05","9","073118-2","4","cue_kids_barrier","7","false","Dog","t16","t17","outer","t16","left",10359,1,"test"
"246","2018-07-31-10-55","9","073118-3","4","cue_kids_barrier","7","false","Mouse","t5","t4","inner","t5","left",14455,1,"test"
"247","2018-08-01-13-34","9","080118-1","4","cue_kids_barrier","7","true","Bear","t11","t4","inner","t11","right",12535,0,"test"
"248","2018-08-01-13-47","9","080118-2","4","cue_kids_barrier","7","true","Sheep","t15","t7","inner","t15","left",13676,1,"test"
"249","2018-08-01-14-09","9","080118-3","4","cue_kids_barrier","7","false","Bear","t4","t10","inner","t4","right",9761,0,"test"
"250","2018-08-01-15-38","9","080118-4","4","cue_kids_barrier","7","false","Bunny","t10","t11","inner","t10","left",13914,1,"test"
"251","2018-08-02-09-04","9","080218-1","3","cue_kids_barrier","7","true","Bear","t6","t1","outer","t6","right",11455,0,"test"
"252","2018-08-02-09-27","9","080218-2","3","cue_kids_barrier","7","true","Beaver","t16","t3","inner","t3","right",11544,1,"test"
"253","2018-08-02-09-41","9","080218-18","4","cue_kids_barrier","7","true","Sheep","t8","t15","outer","t8","right",18000,0,"test"
"254","2018-08-02-10-53","9","080218-4","4","cue_kids_barrier","7","true","Cat","t16","t11","inner","t16","left",13562,1,"test"
"255","2018-08-02-11-05","9","080218-5","3","cue_kids_barrier","7","true","Beaver","t8","t10","inner","t10","left",11513,0,"test"
"256","2018-08-02-13-18","9","080218-5","3","cue_kids_barrier","7","false","Elephant","t2","t3","outer","t2","left",16675,1,"test"
"257","2018-08-02-14-00","9","080218-6","3","cue_kids_barrier","7","false","Cat","t2","t3","inner","t3","left",9006,0,"test"
"258","2018-08-02-14-11","9","080218-8","3","cue_kids_barrier","7","true","Bear","t10","t17","outer","t10","right",19260,0,"test"
"259","2018-08-02-14-37","9","080218-9","4","cue_kids_barrier","7","true","Beaver","t6","t2","inner","t6","left",10224,1,"test"
"260","2018-08-02-15-28","9","080218-10","4","cue_kids_barrier","7","false","Dog","t5","t10","outer","t5","left",14742,1,"test"
"261","2018-08-06-13-40","9","080618-1","3","cue_kids_barrier","7","false","Mouse","t6","t16","outer","t6","right",15460,0,"test"
"262","2018-08-07-09-11","9","080718-1","4","cue_kids_barrier","7","true","Mouse","t9","t16","inner","t16","right",15050,1,"test"
"263","2018-08-07-09-47","9","080718-2","4","cue_kids_barrier","7","false","Beaver","t16","t8","outer","t8","left",9235,0,"test"
"264","2018-08-07-10-11","9","080718-3","3","cue_kids_barrier","7","true","Mouse","t3","t1","outer","t3","left",7874,1,"test"
"265","2018-08-09-09-09","9","080918-1","4","cue_kids_barrier","7","false","Bear","t16","t9","outer","t16","left",7105,1,"test"
"266","2018-08-09-09-30","9","080918-2","3","cue_kids_barrier","7","true","Cat","t6","t16","outer","t6","left",13419,1,"test"
"267","2018-08-09-09-47","9","080918-3","4","cue_kids_barrier","7","false","Beaver","t15","t2","outer","t2","left",11656,0,"test"
"268","2018-08-09-14-04","9","080918-4","3","cue_kids_barrier","7","false","Dog","t5","t2","outer","t5","left",8057,1,"test"
"269","2018-08-09-14-29","9","080918-5","4","cue_kids_barrier","7","false","Sheep","t7","t4","outer","t7","right",7572,0,"test"
"270","2018-08-09-15-33","9","080918-6","4","cue_kids_barrier","7","true","Pig","t3","t1","outer","t3","right",7455,0,"test"
"271","2018-07-30-13-48","10","073018-01","3","cue_kids_barrier","8","false","Dog","t8","t9","outer","t8","right",7615,0,"test"
"272","2018-07-30-14-19","10","073018-02","4","cue_kids_barrier","8","true","Tiger","t12","t6","inner","t12","right",14364,0,"test"
"273","2018-07-30-15-28","10","073018-03","4","cue_kids_barrier","8","true","Mouse","t2","t9","inner","t2","right",7500,0,"test"
"274","2018-07-31-09-21","10","073118-1","4","cue_kids_barrier","8","true","Beaver","t2","t4","inner","t2","right",18549,0,"test"
"275","2018-07-31-10-05","10","073118-2","4","cue_kids_barrier","8","true","Bunny","t14","t8","outer","t8","left",9864,0,"test"
"276","2018-07-31-10-55","10","073118-3","4","cue_kids_barrier","8","true","Tiger","t17","t2","inner","t17","left",10216,1,"test"
"277","2018-08-01-13-34","10","080118-1","4","cue_kids_barrier","8","false","Dog","t16","t3","inner","t16","left",14764,1,"test"
"278","2018-08-01-13-47","10","080118-2","4","cue_kids_barrier","8","false","Bear","t8","t11","inner","t8","right",13624,0,"test"
"279","2018-08-01-14-09","10","080118-3","4","cue_kids_barrier","8","true","Pig","t5","t6","inner","t6","left",9327,0,"test"
"280","2018-08-01-15-38","10","080118-4","4","cue_kids_barrier","8","true","Mouse","t15","t7","inner","t7","right",14579,1,"test"
"281","2018-08-02-09-04","10","080218-1","3","cue_kids_barrier","8","false","Frog","t9","t2","outer","t2","left",19919,0,"test"
"282","2018-08-02-09-27","10","080218-2","3","cue_kids_barrier","8","false","Bear","t5","t2","outer","t2","right",11843,1,"test"
"283","2018-08-02-09-41","10","080218-18","4","cue_kids_barrier","8","false","Monkey","t1","t16","inner","t1","right",14021,0,"test"
"284","2018-08-02-10-53","10","080218-4","4","cue_kids_barrier","8","false","Frog","t4","t15","inner","t4","left",13681,1,"test"
"285","2018-08-02-11-05","10","080218-5","3","cue_kids_barrier","8","false","Mouse","t2","t4","outer","t4","right",14796,1,"test"
"286","2018-08-02-13-18","10","080218-5","3","cue_kids_barrier","8","true","Bear","t12","t4","outer","t4","right",15901,1,"test"
"287","2018-08-02-14-00","10","080218-6","3","cue_kids_barrier","8","true","Elephant","t15","t5","outer","t5","right",13953,1,"test"
"288","2018-08-02-14-11","10","080218-8","3","cue_kids_barrier","8","false","Bunny","t5","t3","inner","t5","right",13264,0,"test"
"289","2018-08-02-14-37","10","080218-9","4","cue_kids_barrier","8","false","Monkey","t10","t12","outer","t10","right",12969,0,"test"
"290","2018-08-02-15-28","10","080218-10","4","cue_kids_barrier","8","true","Tiger","t8","t3","inner","t8","right",15681,0,"test"
"291","2018-08-06-13-40","10","080618-1","3","cue_kids_barrier","8","true","Tiger","t14","t4","outer","t14","right",12830,0,"test"
"292","2018-08-07-09-11","10","080718-1","4","cue_kids_barrier","8","false","Elephant","t8","t12","outer","t12","left",10883,0,"test"
"293","2018-08-07-09-47","10","080718-2","4","cue_kids_barrier","8","true","Mouse","t3","t7","outer","t7","left",11939,0,"test"
"294","2018-08-07-10-11","10","080718-3","3","cue_kids_barrier","8","false","Monkey","t10","t14","inner","t14","right",8307,1,"test"
"295","2018-08-09-09-09","10","080918-1","4","cue_kids_barrier","8","true","Dog","t12","t15","inner","t12","right",13256,0,"test"
"296","2018-08-09-09-30","10","080918-2","3","cue_kids_barrier","8","false","Frog","t7","t9","inner","t9","right",13906,1,"test"
"297","2018-08-09-09-47","10","080918-3","4","cue_kids_barrier","8","true","Elephant","t16","t3","outer","t16","right",12898,0,"test"
"298","2018-08-09-14-04","10","080918-4","3","cue_kids_barrier","8","true","Elephant","t4","t7","inner","t7","right",16845,1,"test"
"299","2018-08-09-14-29","10","080918-5","4","cue_kids_barrier","8","true","Frog","t16","t14","inner","t16","left",9017,1,"test"
"300","2018-08-09-15-33","10","080918-6","4","cue_kids_barrier","8","false","Bunny","t2","t11","inner","t2","right",7210,0,"test"
